"ИД";"КОРОТКОЕ_ИМЯ";"НАИМЕНОВАНИЕ";"КТО_СОЗДАЛ";"КОГДА_СОЗДАЛ";"КТО_ИЗМЕНИЛ";"КОГДА_ИЗМЕНИЛ"
974;Сред.обраб.сигн.;Средства обработки сигналов;ISU_UCHEB;2011-11-08 15:55:54.000;ISU_UCHEB;2011-11-08 15:55:54.000
30;Педагог.практика;Педагогическая практика;ISU_UCHEB;2011-11-08 15:55:54.000;ISU_UCHEB;2011-11-08 15:55:54.000
976;Стад.пром.раз.ПО;Стандарты промышл.разработки ПО;ISU_UCHEB;2011-11-08 15:55:54.000;ISU_UCHEB;2011-11-08 15:55:54.000
981;Статистика;Статистика;ISU_UCHEB;2011-11-08 15:55:54.000;ISU_UCHEB;2011-11-08 15:55:54.000
984;Структуры данных;Структуры данных;ISU_UCHEB;2011-11-08 15:55:54.000;ISU_UCHEB;2011-11-08 15:55:54.000
987;СУБД;Системы управления базами данных;ISU_UCHEB;2011-11-08 15:55:54.000;ISU_UCHEB;2011-11-08 15:55:54.000
988;Суперкомп.технол;Суперкомпьютерные технологии;ISU_UCHEB;2011-11-08 15:55:54.000;ISU_UCHEB;2011-11-08 15:55:54.000
990;Схемотехника;Схемотехника;ISU_UCHEB;2011-11-08 15:55:54.000;ISU_UCHEB;2011-11-08 15:55:54.000
991;Схемотехника ЭВМ;Схемотехника ЭВМ;ISU_UCHEB;2011-11-08 15:55:54.000;ISU_UCHEB;2011-11-08 15:55:54.000
996;ТАУ;Теория автоматического управления;ISU_UCHEB;2011-11-08 15:55:54.000;ISU_UCHEB;2011-11-08 15:55:54.000
1000;Телеком.орг.сети;Телекоммуникации и организация сетей;ISU_UCHEB;2011-11-08 15:55:54.000;ISU_UCHEB;2011-11-08 15:55:54.000
1001;Телеком.протокол;Телекоммуникационные протоколы;ISU_UCHEB;2011-11-08 15:55:54.000;ISU_UCHEB;2011-11-08 15:55:54.000
1003;Теор. алгор.и ав;Теория алгоритмов и автоматов;ISU_UCHEB;2011-11-08 15:55:54.000;ISU_UCHEB;2011-11-08 15:55:54.000
1004;Теор. баз данных;Теория баз данных;ISU_UCHEB;2011-11-08 15:55:54.000;ISU_UCHEB;2011-11-08 15:55:54.000
1008;Теор.вер._мат.ст;Теория вероятностей и математическая статистика;ISU_UCHEB;2011-11-08 15:55:54.000;ISU_UCHEB;2011-11-08 15:55:54.000
1014;Руковод.дипломн.;Руководство преддипломной практикой и дипломным проектированием;ISU_UCHEB;2011-11-08 15:55:54.000;ISU_UCHEB;2011-11-08 15:55:54.000
1017;Конфликтология;Конфликтология;ISU_UCHEB;2011-11-08 15:55:54.000;ISU_UCHEB;2011-11-08 15:55:54.000
1133;Станд.клас.програм.;Стандартные классы в программировании;ISU_UCHEB;2011-11-08 15:55:54.000;ISU_UCHEB;2011-11-08 15:55:54.000
1134;Функцион.анализ;Функциональный анализ;ISU_UCHEB;2011-11-08 15:55:54.000;ISU_UCHEB;2011-11-08 15:55:54.000
705;Эл.дисц. Е-Н Ц;Элективная дисциплина естественно-научного цикла;ISU_UCHEB;2011-11-08 15:55:54.000;ISU_UCHEB;2011-11-08 15:55:54.000
706;Эл.дисц.по экон.;Элективные дисциплины по экономике;ISU_UCHEB;2011-11-08 15:55:54.000;ISU_UCHEB;2011-11-08 15:55:54.000
723;Электроника;Электроника;ISU_UCHEB;2011-11-08 15:55:54.000;ISU_UCHEB;2011-11-08 15:55:54.000
726;Электронные табл;Электронные таблицы;ISU_UCHEB;2011-11-08 15:55:54.000;ISU_UCHEB;2011-11-08 15:55:54.000
736;Яз.програм.мет.т;Языки программирования и методы трансляции;ISU_UCHEB;2011-11-08 15:55:54.000;ISU_UCHEB;2011-11-08 15:55:54.000
737;Язык ассемблера;Язык ассемблера;ISU_UCHEB;2011-11-08 15:55:54.000;ISU_UCHEB;2011-11-08 15:55:54.000
738;Язык С++;Язык С++;ISU_UCHEB;2011-11-08 15:55:54.000;ISU_UCHEB;2011-11-08 15:55:54.000
739;Языки программир;Языки программирования;ISU_UCHEB;2011-11-08 15:55:54.000;ISU_UCHEB;2011-11-08 15:55:54.000
740;Языковые процесс;Языковые процессоры;ISU_UCHEB;2011-11-08 15:55:54.000;ISU_UCHEB;2011-11-08 15:55:54.000
742;ЯСФО;Языки структурно-функционального описания(ЯСФО);ISU_UCHEB;2011-11-08 15:55:54.000;ISU_UCHEB;2011-11-08 15:55:54.000
745;Теор.информатика;Теоретическая информатика;ISU_UCHEB;2011-11-08 15:55:54.000;ISU_UCHEB;2011-11-08 15:55:54.000
746;Теор.информации;Теория информации;ISU_UCHEB;2011-11-08 15:55:54.000;ISU_UCHEB;2011-11-08 15:55:54.000
748;Теор.колебаний;Теория колебаний;ISU_UCHEB;2011-11-08 15:55:54.000;ISU_UCHEB;2011-11-08 15:55:54.000
759;Теор.форм.грам.а;Теория формальных грамматик и автоматов;ISU_UCHEB;2011-11-08 15:55:54.000;ISU_UCHEB;2011-11-08 15:55:54.000
760;Теор.цифр.автом.;Теория цифровых автоматов;ISU_UCHEB;2011-11-08 15:55:54.000;ISU_UCHEB;2011-11-08 15:55:54.000
767;Теория автоматов;Теория автоматов;ISU_UCHEB;2011-11-08 15:55:54.000;ISU_UCHEB;2011-11-08 15:55:54.000
788;Тех.средст.ПЭВМ;Технические средства ПЭВМ;ISU_UCHEB;2011-11-08 15:55:54.000;ISU_UCHEB;2011-11-08 15:55:54.000
1135;Теор.автом.програм;Теория автоматов и программирование;ISU_UCHEB;2011-11-08 15:55:54.000;ISU_UCHEB;2011-11-08 15:55:54.000
885;САПР;Системы автоматизированного проектирования;ISU_UCHEB;2011-11-08 15:55:54.000;ISU_UCHEB;2011-11-08 15:55:54.000
888;САПР СВТ;САПР СВТ;ISU_UCHEB;2011-11-08 15:55:54.000;ISU_UCHEB;2011-11-08 15:55:54.000
891;САПР ЭВМ;САПР ЭВМ;ISU_UCHEB;2011-11-08 15:55:54.000;ISU_UCHEB;2011-11-08 15:55:54.000
898;Сетев.опер.систе;Сетевые операционные системы;ISU_UCHEB;2011-11-08 15:55:54.000;ISU_UCHEB;2011-11-08 15:55:54.000
899;Сетевые архитект;Сетевые архитектуры;ISU_UCHEB;2011-11-08 15:55:54.000;ISU_UCHEB;2011-11-08 15:55:54.000
900;Сети ЭВМ;Сети ЭВМ;ISU_UCHEB;2011-11-08 15:55:54.000;ISU_UCHEB;2011-11-08 15:55:54.000
901;Сети ЭВМ и ср.ТК;Сети ЭВМ и средства телекоммуникаций;ISU_UCHEB;2011-11-08 15:55:54.000;ISU_UCHEB;2011-11-08 15:55:54.000
903;Синергетика;Синергетика;ISU_UCHEB;2011-11-08 15:55:54.000;ISU_UCHEB;2011-11-08 15:55:54.000
908;Сис.обраб.сигнал;Системы обработки сигналов;ISU_UCHEB;2011-11-08 15:55:54.000;ISU_UCHEB;2011-11-08 15:55:54.000
911;Сис.прогр.UNIX;Системное программное обеспечение ( UNIX );ISU_UCHEB;2011-11-08 15:55:54.000;ISU_UCHEB;2011-11-08 15:55:54.000
917;Сист.мультимедиа;Системы мультимедиа;ISU_UCHEB;2011-11-08 15:55:54.000;ISU_UCHEB;2011-11-08 15:55:54.000
918;Сист.прогр.обесп;Системное программное обеспечение;ISU_UCHEB;2011-11-08 15:55:54.000;ISU_UCHEB;2011-11-08 15:55:54.000
919;Сист.реальн.врем;Системы реального времени;ISU_UCHEB;2011-11-08 15:55:54.000;ISU_UCHEB;2011-11-08 15:55:54.000
920;Системы в/в ЭВМ;Системы ввода-вывода ЭВМ;ISU_UCHEB;2011-11-08 15:55:54.000;ISU_UCHEB;2011-11-08 15:55:54.000
923;Совр.проб.Инф.ВТ;Современные проблемы информатики и вычислительной техники;ISU_UCHEB;2011-11-08 15:55:54.000;ISU_UCHEB;2011-11-08 15:55:54.000
933;Социология;Социология;ISU_UCHEB;2011-11-08 15:55:54.000;ISU_UCHEB;2011-11-08 15:55:54.000
935;СП Internet прил;Системы программирования Internet - приложений;ISU_UCHEB;2011-11-08 15:55:54.000;ISU_UCHEB;2011-11-08 15:55:54.000
950;Спец.раз.ВиВ мат;Специальные разделы высшей и вычислительной математики;ISU_UCHEB;2011-11-08 15:55:54.000;ISU_UCHEB;2011-11-08 15:55:54.000
954;Спец.разд.матем.;Специальные разделы математики;ISU_UCHEB;2011-11-08 15:55:54.000;ISU_UCHEB;2011-11-08 15:55:54.000
958;Спец.семинары;Специальные семинары;ISU_UCHEB;2011-11-08 15:55:54.000;ISU_UCHEB;2011-11-08 15:55:54.000
969;Спецпроцессоры;Спецпроцессоры;ISU_UCHEB;2011-11-08 15:55:54.000;ISU_UCHEB;2011-11-08 15:55:54.000
803;Технол. программ;Технологии программирования;ISU_UCHEB;2011-11-08 15:55:54.000;ISU_UCHEB;2011-11-08 15:55:54.000
809;Технологии -JAVA;Технологии - JAVA;ISU_UCHEB;2011-11-08 15:55:54.000;ISU_UCHEB;2011-11-08 15:55:54.000
810;Технологии-Web;Технологии-Web;ISU_UCHEB;2011-11-08 15:55:54.000;ISU_UCHEB;2011-11-08 15:55:54.000
811;Технология UML;Технология UML;ISU_UCHEB;2011-11-08 15:55:54.000;ISU_UCHEB;2011-11-08 15:55:54.000
814;ТЗ корпор сет.св;Технология защиты корпоративных сетей связи;ISU_UCHEB;2011-11-08 15:55:54.000;ISU_UCHEB;2011-11-08 15:55:54.000
829;УИРС;УИРС;ISU_UCHEB;2011-11-08 15:55:54.000;ISU_UCHEB;2011-11-08 15:55:54.000
835;Управл.данными;Управление данными;ISU_UCHEB;2011-11-08 15:55:54.000;ISU_UCHEB;2011-11-08 15:55:54.000
837;Управл.финансами;Управление финансами;ISU_UCHEB;2011-11-08 15:55:54.000;ISU_UCHEB;2011-11-08 15:55:54.000
857;Физика;Физика;ISU_UCHEB;2011-11-08 15:55:54.000;ISU_UCHEB;2011-11-08 15:55:54.000
859;Физика(Курс.раб);Физика (Курсовая работа);ISU_UCHEB;2011-11-08 15:55:54.000;ISU_UCHEB;2011-11-08 15:55:54.000
862;Физическая культура;Физическая культура;ISU_UCHEB;2011-11-08 15:55:54.000;ISU_UCHEB;2011-11-08 15:55:54.000
864;Фил.вопр.естест.;Философские вопросы естествознания и технических наук;ISU_UCHEB;2011-11-08 15:55:54.000;ISU_UCHEB;2011-11-08 15:55:54.000
865;Фил.проб.к и ц;Философские проблемы культуры и цивилизации;ISU_UCHEB;2011-11-08 15:55:54.000;ISU_UCHEB;2011-11-08 15:55:54.000
867;Философия;Философия;ISU_UCHEB;2011-11-08 15:55:54.000;ISU_UCHEB;2011-11-08 15:55:54.000
868;Финан.ден.обр_кр;Финансы, денежное обращение и кредит;ISU_UCHEB;2011-11-08 15:55:54.000;ISU_UCHEB;2011-11-08 15:55:54.000
872;Форт-технология;Форт-технология программирования;ISU_UCHEB;2011-11-08 15:55:54.000;ISU_UCHEB;2011-11-08 15:55:54.000
878;Функц.схемотехн.;Функциональная схемотехника;ISU_UCHEB;2011-11-08 15:55:54.000;ISU_UCHEB;2011-11-08 15:55:54.000
881;Рус.евр.ХК XX вв;Русская и европейская художественная культура XVIII-XX веков;ISU_UCHEB;2011-11-08 15:55:54.000;ISU_UCHEB;2011-11-08 15:55:54.000
0;.;.;ISU_UCHEB;2011-11-08 15:55:54.000;ISU_UCHEB;2011-11-08 15:55:54.000
1;Основы права;Основы права;ISU_UCHEB;2011-11-08 15:55:54.000;ISU_UCHEB;2011-11-08 15:55:54.000
8;ОсТПкомпиляторов;Основы теории проектирования компиляторов;ISU_UCHEB;2011-11-08 15:55:54.000;ISU_UCHEB;2011-11-08 15:55:54.000
9;Отечествен. история;Отечественная история;ISU_UCHEB;2011-11-08 15:55:54.000;ISU_UCHEB;2011-11-08 15:55:54.000
10;Откр.инф.систем.;Открытые информационные системы;ISU_UCHEB;2011-11-08 15:55:54.000;ISU_UCHEB;2011-11-08 15:55:54.000
11;Офисные технолог;Офисные технологии;ISU_UCHEB;2011-11-08 15:55:54.000;ISU_UCHEB;2011-11-08 15:55:54.000
27;Парал.вычисления;Паралельные вычисления;ISU_UCHEB;2011-11-08 15:55:54.000;ISU_UCHEB;2011-11-08 15:55:54.000
32;Педагогика;Педагогика;ISU_UCHEB;2011-11-08 15:55:54.000;ISU_UCHEB;2011-11-08 15:55:54.000
34;Перифер. устр-ва;Периферийные устройства;ISU_UCHEB;2011-11-08 15:55:54.000;ISU_UCHEB;2011-11-08 15:55:54.000
40;Политология;Политология;ISU_UCHEB;2011-11-08 15:55:54.000;ISU_UCHEB;2011-11-08 15:55:54.000
51;Правоведение;Правоведение;ISU_UCHEB;2011-11-08 15:55:54.000;ISU_UCHEB;2011-11-08 15:55:54.000
52;Практика;Практика;ISU_UCHEB;2011-11-08 15:55:54.000;ISU_UCHEB;2011-11-08 15:55:54.000
53;Практикум на ЭВМ;Практикум на ЭВМ;ISU_UCHEB;2011-11-08 15:55:54.000;ISU_UCHEB;2011-11-08 15:55:54.000
74;Прикл.статистика;Прикладная статистика;ISU_UCHEB;2011-11-08 15:55:54.000;ISU_UCHEB;2011-11-08 15:55:54.000
84;Прогн.разв.техно;Прогнозы развития технологии;ISU_UCHEB;2011-11-08 15:55:54.000;ISU_UCHEB;2011-11-08 15:55:54.000
88;Прогр.язык.высок;Программирование на языке высокого уровня;ISU_UCHEB;2011-11-08 15:55:54.000;ISU_UCHEB;2011-11-08 15:55:54.000
90;Программ.и инфор;Программирование и информатика;ISU_UCHEB;2011-11-08 15:55:54.000;ISU_UCHEB;2011-11-08 15:55:54.000
353;Микроконтроллеры;Микроконтроллеры;ISU_UCHEB;2011-11-08 15:55:54.000;ISU_UCHEB;2011-11-08 15:55:54.000
196;Орган. выч.проц.;Организация вычислительных процессов;ISU_UCHEB;2011-11-08 15:55:54.000;ISU_UCHEB;2011-11-08 15:55:54.000
198;Орган.план.произ;Организация и планирование производства;ISU_UCHEB;2011-11-08 15:55:54.000;ISU_UCHEB;2011-11-08 15:55:54.000
199;Орган.ЭВМ и сист;Организация ЭВМ и систем;ISU_UCHEB;2011-11-08 15:55:54.000;ISU_UCHEB;2011-11-08 15:55:54.000
201;Организац. ЭВМ;Организация ЭВМ;ISU_UCHEB;2011-11-08 15:55:54.000;ISU_UCHEB;2011-11-08 15:55:54.000
204;ОС реальн.времен;ОС реального времени;ISU_UCHEB;2011-11-08 15:55:54.000;ISU_UCHEB;2011-11-08 15:55:54.000
216;Осн.алгор.яз.про;Основы алгоритмизации и языки программирования;ISU_UCHEB;2011-11-08 15:55:54.000;ISU_UCHEB;2011-11-08 15:55:54.000
227;Осн.логич.культ.;Основы логической культуры;ISU_UCHEB;2011-11-08 15:55:54.000;ISU_UCHEB;2011-11-08 15:55:54.000
245;Осн.теор.инф.п-с;Основы теории информации и передачи сигналов;ISU_UCHEB;2011-11-08 15:55:54.000;ISU_UCHEB;2011-11-08 15:55:54.000
248;Осн.теор.управл;Основы теории управления;ISU_UCHEB;2011-11-08 15:55:54.000;ISU_UCHEB;2011-11-08 15:55:54.000
614;Выч.техн.и прогр;Вычислительная техника и программирование;ISU_UCHEB;2011-11-08 15:55:54.000;ISU_UCHEB;2011-11-08 15:55:54.000
616;ГЭК;ГЭК;ISU_UCHEB;2011-11-08 15:55:54.000;ISU_UCHEB;2011-11-08 15:55:54.000
617;ГАК (член ГАК);Государственная экзаменационная комиссия (член ГАК);ISU_UCHEB;2011-11-08 15:55:54.000;ISU_UCHEB;2011-11-08 15:55:54.000
618;ГАК (члены ГАК);Государственная экзаменационная комиссия (несколько членов ГАК);ISU_UCHEB;2011-11-08 15:55:54.000;ISU_UCHEB;2011-11-08 15:55:54.000
619;ГАК(председател);Государственная аттестационная комиссия (председатель);ISU_UCHEB;2011-11-08 15:55:54.000;ISU_UCHEB;2011-11-08 15:55:54.000
622;Геометр,алгебра;Геометрия и алгебра;ISU_UCHEB;2011-11-08 15:55:54.000;ISU_UCHEB;2011-11-08 15:55:54.000
627;Гос.экз. по язык;Государственный экзамен по иностранному языку;ISU_UCHEB;2011-11-08 15:55:54.000;ISU_UCHEB;2011-11-08 15:55:54.000
628;Гос.экз.философ.;Государственный экзамен по философии;ISU_UCHEB;2011-11-08 15:55:54.000;ISU_UCHEB;2011-11-08 15:55:54.000
629;Гос.экзамен напр;Государственный экзамен по направлению;ISU_UCHEB;2011-11-08 15:55:54.000;ISU_UCHEB;2011-11-08 15:55:54.000
630;Граф.многоз.сис.;Графические многозадачные системы;ISU_UCHEB;2011-11-08 15:55:54.000;ISU_UCHEB;2011-11-08 15:55:54.000
633;Дел. свет.этикет;Деловой и светский этикет;ISU_UCHEB;2011-11-08 15:55:54.000;ISU_UCHEB;2011-11-08 15:55:54.000
634;Деловой этикет;Деловой этикет;ISU_UCHEB;2011-11-08 15:55:54.000;ISU_UCHEB;2011-11-08 15:55:54.000
641;Диплом.проектиров.;Дипломное проектирование;ISU_UCHEB;2011-11-08 15:55:54.000;ISU_UCHEB;2011-11-08 15:55:54.000
642;Дискр.матем.алго;Дискретная математика и алгоритмы;ISU_UCHEB;2011-11-08 15:55:54.000;ISU_UCHEB;2011-11-08 15:55:54.000
643;Дискрет.математ.;Дискретная математика;ISU_UCHEB;2011-11-08 15:55:54.000;ISU_UCHEB;2011-11-08 15:55:54.000
644;Дискретный анал.;Дискретный анализ;ISU_UCHEB;2011-11-08 15:55:54.000;ISU_UCHEB;2011-11-08 15:55:54.000
648;Дифф. уравнения;Дифференциальные уравнения;ISU_UCHEB;2011-11-08 15:55:54.000;ISU_UCHEB;2011-11-08 15:55:54.000
650;Доп.гл.высш.мат.;Дополнительные главы высшей математики;ISU_UCHEB;2011-11-08 15:55:54.000;ISU_UCHEB;2011-11-08 15:55:54.000
652;Доп.глав.физики;Дополнительные главы физики;ISU_UCHEB;2011-11-08 15:55:54.000;ISU_UCHEB;2011-11-08 15:55:54.000
659;Защита информаци;Защита информации;ISU_UCHEB;2011-11-08 15:55:54.000;ISU_UCHEB;2011-11-08 15:55:54.000
663;Химия;Химия;ISU_UCHEB;2011-11-08 15:55:54.000;ISU_UCHEB;2011-11-08 15:55:54.000
665;Худож.стили РиЗЕ;Художественные стили России и Западной Европы;ISU_UCHEB;2011-11-08 15:55:54.000;ISU_UCHEB;2011-11-08 15:55:54.000
670;Численные методы;Численные методы;ISU_UCHEB;2011-11-08 15:55:54.000;ISU_UCHEB;2011-11-08 15:55:54.000
678;Экология;Экология;ISU_UCHEB;2011-11-08 15:55:54.000;ISU_UCHEB;2011-11-08 15:55:54.000
681;Экон_предпр_марк;Экономика предприятия и маркетинг;ISU_UCHEB;2011-11-08 15:55:54.000;ISU_UCHEB;2011-11-08 15:55:54.000
687;Эконом.теория;Экономическая теория;ISU_UCHEB;2011-11-08 15:55:54.000;ISU_UCHEB;2011-11-08 15:55:54.000
689;Эконом.эффек.инв;Экономическая эффективность инвестиций;ISU_UCHEB;2011-11-08 15:55:54.000;ISU_UCHEB;2011-11-08 15:55:54.000
690;Экономика;Экономика;ISU_UCHEB;2011-11-08 15:55:54.000;ISU_UCHEB;2011-11-08 15:55:54.000
696;Экспертные сист.;Экспертные системы;ISU_UCHEB;2011-11-08 15:55:54.000;ISU_UCHEB;2011-11-08 15:55:54.000
523;Культурология;Культурология;ISU_UCHEB;2011-11-08 15:55:54.000;ISU_UCHEB;2011-11-08 15:55:54.000
359;Микроэкономика;Микроэкономика;ISU_UCHEB;2011-11-08 15:55:54.000;ISU_UCHEB;2011-11-08 15:55:54.000
362;МиС защиты КИ;Методы и средства защиты компьютерной информации;ISU_UCHEB;2011-11-08 15:55:54.000;ISU_UCHEB;2011-11-08 15:55:54.000
376;Многопользов. ОС;Многопользовательские ОС;ISU_UCHEB;2011-11-08 15:55:54.000;ISU_UCHEB;2011-11-08 15:55:54.000
381;Модел.дискр.сист;Моделирование дискретных систем;ISU_UCHEB;2011-11-08 15:55:54.000;ISU_UCHEB;2011-11-08 15:55:54.000
385;Моделир.систем;Моделирование систем;ISU_UCHEB;2011-11-08 15:55:54.000;ISU_UCHEB;2011-11-08 15:55:54.000
386;Моделирование;Моделирование;ISU_UCHEB;2011-11-08 15:55:54.000;ISU_UCHEB;2011-11-08 15:55:54.000
391;Мультимедиа;Мультимедиа;ISU_UCHEB;2011-11-08 15:55:54.000;ISU_UCHEB;2011-11-08 15:55:54.000
415;Ин.яз.в проф.дея;Иностранный язык в профессиональной деятельности;ISU_UCHEB;2011-11-08 15:55:54.000;ISU_UCHEB;2011-11-08 15:55:54.000
417;Инж.комп.графика;Инженерная и компьютерная графика;ISU_UCHEB;2011-11-08 15:55:54.000;ISU_UCHEB;2011-11-08 15:55:54.000
419;Инж_графика;Инженерная графика;ISU_UCHEB;2011-11-08 15:55:54.000;ISU_UCHEB;2011-11-08 15:55:54.000
424;Иностр.язык - 2;Иностранный язык - 2;ISU_UCHEB;2011-11-08 15:55:54.000;ISU_UCHEB;2011-11-08 15:55:54.000
425;Иностранный язык;Иностранный язык;ISU_UCHEB;2011-11-08 15:55:54.000;ISU_UCHEB;2011-11-08 15:55:54.000
426;Инст.об.тех.прое;Инструментальное обеспечение технического проектирования;ISU_UCHEB;2011-11-08 15:55:54.000;ISU_UCHEB;2011-11-08 15:55:54.000
434;Инф.т.вInternet;Информационные технологии в Internet;ISU_UCHEB;2011-11-08 15:55:54.000;ISU_UCHEB;2011-11-08 15:55:54.000
438;Информ-управ.сис;Информационно-управляющие системы;ISU_UCHEB;2011-11-08 15:55:54.000;ISU_UCHEB;2011-11-08 15:55:54.000
439;Информ.технологи;Информационные технологии;ISU_UCHEB;2011-11-08 15:55:54.000;ISU_UCHEB;2011-11-08 15:55:54.000
440;Информатика;Информатика;ISU_UCHEB;2011-11-08 15:55:54.000;ISU_UCHEB;2011-11-08 15:55:54.000
280;Лин.динам.прогр.;Линейное и динамическое программирование;ISU_UCHEB;2011-11-08 15:55:54.000;ISU_UCHEB;2011-11-08 15:55:54.000
288;Макроэкономика;Макроэкономика;ISU_UCHEB;2011-11-08 15:55:54.000;ISU_UCHEB;2011-11-08 15:55:54.000
292;Мат.лог.теор.алг;Математическая логика и теория алгоритмов;ISU_UCHEB;2011-11-08 15:55:54.000;ISU_UCHEB;2011-11-08 15:55:54.000
296;Мат.мод.физ.прос;Математическое моделирование физических процессов;ISU_UCHEB;2011-11-08 15:55:54.000;ISU_UCHEB;2011-11-08 15:55:54.000
299;Матанализ;Математический анализ;ISU_UCHEB;2011-11-08 15:55:54.000;ISU_UCHEB;2011-11-08 15:55:54.000
302;Математика;Математика;ISU_UCHEB;2011-11-08 15:55:54.000;ISU_UCHEB;2011-11-08 15:55:54.000
303;Математич.физика;Математическая физика;ISU_UCHEB;2011-11-08 15:55:54.000;ISU_UCHEB;2011-11-08 15:55:54.000
308;Маш.арифм.и ПТА;Машинная арифметика и прикладная теория автоматов;ISU_UCHEB;2011-11-08 15:55:54.000;ISU_UCHEB;2011-11-08 15:55:54.000
314;Менеджмент;Менеджмент;ISU_UCHEB;2011-11-08 15:55:54.000;ISU_UCHEB;2011-11-08 15:55:54.000
316;Мет и с.пар.выч.;Методы и системы параллельных вычислений;ISU_UCHEB;2011-11-08 15:55:54.000;ISU_UCHEB;2011-11-08 15:55:54.000
321;Мет.науч.творчес;Методы научного творчества;ISU_UCHEB;2011-11-08 15:55:54.000;ISU_UCHEB;2011-11-08 15:55:54.000
325;Метод.обр.сиг.из;Методы обработки сигналов и изображений;ISU_UCHEB;2011-11-08 15:55:54.000;ISU_UCHEB;2011-11-08 15:55:54.000
329;Методол.твор.НиТ;Методология творчества в науке и технике;ISU_UCHEB;2011-11-08 15:55:54.000;ISU_UCHEB;2011-11-08 15:55:54.000
330;Методология ТП;Методология технического проектирования;ISU_UCHEB;2011-11-08 15:55:54.000;ISU_UCHEB;2011-11-08 15:55:54.000
331;Методы оптимизац;Методы оптимизации;ISU_UCHEB;2011-11-08 15:55:54.000;ISU_UCHEB;2011-11-08 15:55:54.000
338;Метрол.станд.сер;Метрология стандартизация и сертификация;ISU_UCHEB;2011-11-08 15:55:54.000;ISU_UCHEB;2011-11-08 15:55:54.000
344;Мех.сплош.сред;Механика сплошных сред;ISU_UCHEB;2011-11-08 15:55:54.000;ISU_UCHEB;2011-11-08 15:55:54.000
702;Эл-техн_эл-трони;Электротехника и электроника;ISU_UCHEB;2011-11-08 15:55:54.000;ISU_UCHEB;2011-11-08 15:55:54.000
545;Админ.БД и прил.;Администрирование баз данных и приложений;ISU_UCHEB;2011-11-08 15:55:54.000;ISU_UCHEB;2011-11-08 15:55:54.000
546;Админ.выч.сетей;Администрирование вычислительных сетей;ISU_UCHEB;2011-11-08 15:55:54.000;ISU_UCHEB;2011-11-08 15:55:54.000
550;Алгебра,геометр.;Алгебра и геометрия;ISU_UCHEB;2011-11-08 15:55:54.000;ISU_UCHEB;2011-11-08 15:55:54.000
551;Алгор.яз и прогр;Алгоритмические языки и программирование;ISU_UCHEB;2011-11-08 15:55:54.000;ISU_UCHEB;2011-11-08 15:55:54.000
552;Алгоритм.програм;Алгоритмы программирования;ISU_UCHEB;2011-11-08 15:55:54.000;ISU_UCHEB;2011-11-08 15:55:54.000
560;Англ.яз. в проф;Английский язык в профессиональной деятельности;ISU_UCHEB;2011-11-08 15:55:54.000;ISU_UCHEB;2011-11-08 15:55:54.000
561;Английский язык;Английский язык;ISU_UCHEB;2011-11-08 15:55:54.000;ISU_UCHEB;2011-11-08 15:55:54.000
563;Архит.компьютер.;Архитектура компьютеров;ISU_UCHEB;2011-11-08 15:55:54.000;ISU_UCHEB;2011-11-08 15:55:54.000
564;Архитектура ВС;Архитектура вычислительных систем;ISU_UCHEB;2011-11-08 15:55:54.000;ISU_UCHEB;2011-11-08 15:55:54.000
569;Аттестац_работа;Аттестационная работа;ISU_UCHEB;2011-11-08 15:55:54.000;ISU_UCHEB;2011-11-08 15:55:54.000
574;Базы данных;Базы данных;ISU_UCHEB;2011-11-08 15:55:54.000;ISU_UCHEB;2011-11-08 15:55:54.000
576;Безопасн_ жизнед;Безопасность жизнедеятельности;ISU_UCHEB;2011-11-08 15:55:54.000;ISU_UCHEB;2011-11-08 15:55:54.000
590;Введение в право;Введение в право;ISU_UCHEB;2011-11-08 15:55:54.000;ISU_UCHEB;2011-11-08 15:55:54.000
591;Введение в спец.;Введение в специальность;ISU_UCHEB;2011-11-08 15:55:54.000;ISU_UCHEB;2011-11-08 15:55:54.000
598;Военная подготовка;Военная подготовка;ISU_UCHEB;2011-11-08 15:55:54.000;ISU_UCHEB;2011-11-08 15:55:54.000
604;Высокопроизв.сис;Высокопроизводительные системы;ISU_UCHEB;2011-11-08 15:55:54.000;ISU_UCHEB;2011-11-08 15:55:54.000
605;Высш. математика;Высшая математика;ISU_UCHEB;2011-11-08 15:55:54.000;ISU_UCHEB;2011-11-08 15:55:54.000
607;Выч математика;Вычислительная математика;ISU_UCHEB;2011-11-08 15:55:54.000;ISU_UCHEB;2011-11-08 15:55:54.000
608;Выч техника;Вычислительная техника;ISU_UCHEB;2011-11-08 15:55:54.000;ISU_UCHEB;2011-11-08 15:55:54.000
612;Выч.сети;Вычислительные сети;ISU_UCHEB;2011-11-08 15:55:54.000;ISU_UCHEB;2011-11-08 15:55:54.000
613;Вычисл.геометрия;Вычислительная геометрия и С++;ISU_UCHEB;2011-11-08 15:55:54.000;ISU_UCHEB;2011-11-08 15:55:54.000
448;Исс.оп.и т.игр;Исследование операций и теория игр;ISU_UCHEB;2011-11-08 15:55:54.000;ISU_UCHEB;2011-11-08 15:55:54.000
451;Ист.и совр.ЗИР;История и современная защита информации в России;ISU_UCHEB;2011-11-08 15:55:54.000;ISU_UCHEB;2011-11-08 15:55:54.000
452;Ист.мет.прик.мат.инф;История и методология прикладной математики и информатики;ISU_UCHEB;2011-11-08 15:55:54.000;ISU_UCHEB;2011-11-08 15:55:54.000
453;Ист.науки и тех.;История науки и техники;ISU_UCHEB;2011-11-08 15:55:54.000;ISU_UCHEB;2011-11-08 15:55:54.000
457;История;История;ISU_UCHEB;2011-11-08 15:55:54.000;ISU_UCHEB;2011-11-08 15:55:54.000
458;История России;История России;ISU_UCHEB;2011-11-08 15:55:54.000;ISU_UCHEB;2011-11-08 15:55:54.000
459;История цивилиз.;История цивилизации;ISU_UCHEB;2011-11-08 15:55:54.000;ISU_UCHEB;2011-11-08 15:55:54.000
473;Комбинат.алгорит;Комбинаторные алгоритмы;ISU_UCHEB;2011-11-08 15:55:54.000;ISU_UCHEB;2011-11-08 15:55:54.000
476;Комп. технологии;Компьютерные технологии;ISU_UCHEB;2011-11-08 15:55:54.000;ISU_UCHEB;2011-11-08 15:55:54.000
478;Комп.безопасност;Компьютерная безопасность;ISU_UCHEB;2011-11-08 15:55:54.000;ISU_UCHEB;2011-11-08 15:55:54.000
479;Комп.геомет.граф;Компьютерная геометрия и графика;ISU_UCHEB;2011-11-08 15:55:54.000;ISU_UCHEB;2011-11-08 15:55:54.000
482;Комп.инф-упр сис;Компьютерные информационно-управляющие системы;ISU_UCHEB;2011-11-08 15:55:54.000;ISU_UCHEB;2011-11-08 15:55:54.000
487;Комп.сети и с.т.;Компьютерные сети и системы телекоммуникаций;ISU_UCHEB;2011-11-08 15:55:54.000;ISU_UCHEB;2011-11-08 15:55:54.000
490;Компьют. сети;Компьютерные сети;ISU_UCHEB;2011-11-08 15:55:54.000;ISU_UCHEB;2011-11-08 15:55:54.000
496;Компьютер.бизнес;Компьютеризация бизнеса;ISU_UCHEB;2011-11-08 15:55:54.000;ISU_UCHEB;2011-11-08 15:55:54.000
497;Компьютер.график;Компьютерная графика;ISU_UCHEB;2011-11-08 15:55:54.000;ISU_UCHEB;2011-11-08 15:55:54.000
502;Конс.охран.труда;Консультации по охране труда в дипломном проекте;ISU_UCHEB;2011-11-08 15:55:54.000;ISU_UCHEB;2011-11-08 15:55:54.000
503;Конс.экон.часть;Консультации по экономической части дипломного проекта;ISU_UCHEB;2011-11-08 15:55:54.000;ISU_UCHEB;2011-11-08 15:55:54.000
508;Конст.СВТ и САПР;Конструирование СВТ и САПР;ISU_UCHEB;2011-11-08 15:55:54.000;ISU_UCHEB;2011-11-08 15:55:54.000
517;Контр_диагн. ЭВМ;Контроль и диагностика ЭВМ;ISU_UCHEB;2011-11-08 15:55:54.000;ISU_UCHEB;2011-11-08 15:55:54.000
518;Конц.совр.естест;Концепции современного естествознания;ISU_UCHEB;2011-11-08 15:55:54.000;ISU_UCHEB;2011-11-08 15:55:54.000
519;Корпор.инф.сист.;Корпоративные информационные системы;ISU_UCHEB;2011-11-08 15:55:54.000;ISU_UCHEB;2011-11-08 15:55:54.000
520;Крипт.безоп.данн;Криптография и безопасность данных;ISU_UCHEB;2011-11-08 15:55:54.000;ISU_UCHEB;2011-11-08 15:55:54.000
264;Осн_ритор_библио;Основы риторики и библиографии;ISU_UCHEB;2011-11-08 15:55:54.000;ISU_UCHEB;2011-11-08 15:55:54.000
92;Программирование;Программирование;ISU_UCHEB;2011-11-08 15:55:54.000;ISU_UCHEB;2011-11-08 15:55:54.000
94;Проек.информ.сис;Проектирование информационных систем;ISU_UCHEB;2011-11-08 15:55:54.000;ISU_UCHEB;2011-11-08 15:55:54.000
98;Проек.сис.реал.в;Проектирование систем реального времени;ISU_UCHEB;2011-11-08 15:55:54.000;ISU_UCHEB;2011-11-08 15:55:54.000
100;Проект.прил.к БД;Проектирование приложений к базам данных;ISU_UCHEB;2011-11-08 15:55:54.000;ISU_UCHEB;2011-11-08 15:55:54.000
105;Проектиров.ЭВМ;Проектирование ЭВМ;ISU_UCHEB;2011-11-08 15:55:54.000;ISU_UCHEB;2011-11-08 15:55:54.000
109;Произв.практика;Производственная практика;ISU_UCHEB;2011-11-08 15:55:54.000;ISU_UCHEB;2011-11-08 15:55:54.000
112;Проток.сет.перед;Протоколы сетей передачи данных;ISU_UCHEB;2011-11-08 15:55:54.000;ISU_UCHEB;2011-11-08 15:55:54.000
114;Проц.разр.прогр.;Процесс разработки программных изделий;ISU_UCHEB;2011-11-08 15:55:54.000;ISU_UCHEB;2011-11-08 15:55:54.000
118;Психол.-педогог.;Психология и педагогика;ISU_UCHEB;2011-11-08 15:55:54.000;ISU_UCHEB;2011-11-08 15:55:54.000
123;Распозн.образов;Распознавание образов;ISU_UCHEB;2011-11-08 15:55:54.000;ISU_UCHEB;2011-11-08 15:55:54.000
124;Распр.сист.управ;Распределенные системы управления;ISU_UCHEB;2011-11-08 15:55:54.000;ISU_UCHEB;2011-11-08 15:55:54.000
127;Реценз. дипломн.;Рецензирование дипломного проекта (работы);ISU_UCHEB;2011-11-08 15:55:54.000;ISU_UCHEB;2011-11-08 15:55:54.000
128;Реценз. магист.д;Рецензирование магистерской диссертации;ISU_UCHEB;2011-11-08 15:55:54.000;ISU_UCHEB;2011-11-08 15:55:54.000
132;Риторика;Риторика;ISU_UCHEB;2011-11-08 15:55:54.000;ISU_UCHEB;2011-11-08 15:55:54.000
135;Рук.прак.маг.дис;Руководство практикой и магистерской диссертацией;ISU_UCHEB;2011-11-08 15:55:54.000;ISU_UCHEB;2011-11-08 15:55:54.000
136;Руков.бакал.раб.;Руководство бакалаврской работой;ISU_UCHEB;2011-11-08 15:55:54.000;ISU_UCHEB;2011-11-08 15:55:54.000
139;НИР;Научно-исследовательская работа;ISU_UCHEB;2011-11-08 15:55:54.000;ISU_UCHEB;2011-11-08 15:55:54.000
140;НИРС;Научно-исследовательская работа студентов;ISU_UCHEB;2011-11-08 15:55:54.000;ISU_UCHEB;2011-11-08 15:55:54.000
148;Обр.эконом.инфор;Обработка экономической информации;ISU_UCHEB;2011-11-08 15:55:54.000;ISU_UCHEB;2011-11-08 15:55:54.000
157;Объект.ор.прогр.;Объектно-ориентированное программирование;ISU_UCHEB;2011-11-08 15:55:54.000;ISU_UCHEB;2011-11-08 15:55:54.000
158;Объектные систем;Объектные системы;ISU_UCHEB;2011-11-08 15:55:54.000;ISU_UCHEB;2011-11-08 15:55:54.000
164;Операц. системы;Операционные системы;ISU_UCHEB;2011-11-08 15:55:54.000;ISU_UCHEB;2011-11-08 15:55:54.000
1136;Ассемблер;Ассемблер;ISU_UCHEB;2011-11-08 15:55:54.000;ISU_UCHEB;2011-11-08 15:55:54.000
1137;Теор.кодирования;Теория кодирования;ISU_UCHEB;2011-11-08 15:55:54.000;ISU_UCHEB;2011-11-08 15:55:54.000
1151;Информацион.сети;Информационные сети;ISU_UCHEB;2011-11-08 15:55:54.000;ISU_UCHEB;2011-11-08 15:55:54.000
1179;БД экспертн.сист.;Базы данных и экспертные системы;ISU_UCHEB;2011-11-08 15:55:54.000;ISU_UCHEB;2011-11-08 15:55:54.000
1180;Уравн.мат.физик.;Уравнения математической физики;ISU_UCHEB;2011-11-08 15:55:54.000;ISU_UCHEB;2011-11-08 15:55:54.000
1181;Осн.теор.компилят.;Основы теории компиляторов;ISU_UCHEB;2011-11-08 15:55:54.000;ISU_UCHEB;2011-11-08 15:55:54.000
1182;Сис.пр.об.Яз.Ассемб.;Системное программное обеспечение (Язык ассемблера);ISU_UCHEB;2011-11-08 15:55:54.000;ISU_UCHEB;2011-11-08 15:55:54.000
1186;Прот.вычисл.сетей;Протоколы вычислительных сетей;ISU_UCHEB;2011-11-08 15:55:54.000;ISU_UCHEB;2011-11-08 15:55:54.000
1187;Теор.проек.выч.сис.;Теория проектирования вычислительных систем и сетей;ISU_UCHEB;2011-11-08 15:55:54.000;ISU_UCHEB;2011-11-08 15:55:54.000
1194;Осн.вычисл.техник;Основы вычислительной техники;ISU_UCHEB;2011-11-08 15:55:54.000;ISU_UCHEB;2011-11-08 15:55:54.000
1230;Кандидат.минимум;Кандидатский минимум;ISU_UCHEB;2011-11-08 15:55:54.000;ISU_UCHEB;2011-11-08 15:55:54.000
1231;Оптоинформатика;Оптоинформатика;ISU_UCHEB;2011-11-08 15:55:54.000;ISU_UCHEB;2011-11-08 15:55:54.000
1232;Психология;Психология;ISU_UCHEB;2011-11-08 15:55:54.000;ISU_UCHEB;2011-11-08 15:55:54.000
1233;Орг.ЭВМ,комп.сетей;Организация ЭВМ комплексов и сетей;ISU_UCHEB;2011-11-08 15:55:54.000;ISU_UCHEB;2011-11-08 15:55:54.000
1260;Преддиплом.практика;Преддипломная практика;ISU_UCHEB;2011-11-08 15:55:54.000;ISU_UCHEB;2011-11-08 15:55:54.000
1280;Прогр.интерн-прил;Программирование интернет-приложений;ISU_UCHEB;2011-11-08 15:55:54.000;ISU_UCHEB;2011-11-08 15:55:54.000
1281;Интерф.периф.устр;Интерфейсы периферийных устройств;ISU_UCHEB;2011-11-08 15:55:54.000;ISU_UCHEB;2011-11-08 15:55:54.000
1282;Микропроц.системы;Микропроцессорные системы;ISU_UCHEB;2011-11-08 15:55:54.000;ISU_UCHEB;2011-11-08 15:55:54.000
1283;Теор.прин.решений;Теория принятия решений;ISU_UCHEB;2011-11-08 15:55:54.000;ISU_UCHEB;2011-11-08 15:55:54.000
1576;Защита инфор.ИБ;Защита информации и информационная безопасность;ISU_UCHEB;2011-11-08 15:55:54.000;ISU_UCHEB;2011-11-08 15:55:54.000
1580;Совр.компьют.технол.;Современные компьютерные технологии;ISU_UCHEB;2011-11-08 15:55:54.000;ISU_UCHEB;2011-11-08 15:55:54.000
1614;Безопас.компьт.сист.;Безопасность компьютерных систем;ISU_UCHEB;2011-11-08 15:55:54.000;ISU_UCHEB;2011-11-08 15:55:54.000
1617;А-ЦК на базе ЭВМиОЭС;Аналого-цифровые комплексы на базе электронно-вычислительных машин и оптико-электронных систем;ISU_UCHEB;2011-11-08 15:55:54.000;ISU_UCHEB;2011-11-08 15:55:54.000
1619;Рег.множ.и выражения;Регулярные множества и выражения;ISU_UCHEB;2011-11-08 15:55:54.000;ISU_UCHEB;2011-11-08 15:55:54.000
1620;Культура СПб;Культура Санкт-Петербурга;ISU_UCHEB;2011-11-08 15:55:54.000;ISU_UCHEB;2011-11-08 15:55:54.000
1628;Этапы разв. ВТ Рос.;Этапы развития вычислительной техники в России;ISU_UCHEB;2011-11-08 15:55:54.000;ISU_UCHEB;2011-11-08 15:55:54.000
1633;Сис.под.принят.решен;Системы поддержки принятия решений;ISU_UCHEB;2011-11-08 15:55:54.000;ISU_UCHEB;2011-11-08 15:55:54.000
1933;Автом.пр.апп.к.АЦВК;Автоматизация проектирования аппаратных и программных компонентов  АЦВК;ISU_UCHEB;2011-11-08 15:55:54.000;ISU_UCHEB;2011-11-08 15:55:54.000
1983;Мет.разр.прогр.обесп;Методы разработки программного обеспечения;ISU_UCHEB;2011-11-08 15:55:54.000;ISU_UCHEB;2011-11-08 15:55:54.000
1984;Самообучающ.системы;Самообучающиеся системы;ISU_UCHEB;2011-11-08 15:55:54.000;ISU_UCHEB;2011-11-08 15:55:54.000
1985;Проект.прогр.обеспеч;Проектирование программного обеспечения;ISU_UCHEB;2011-11-08 15:55:54.000;ISU_UCHEB;2011-11-08 15:55:54.000
1986;Выч.геом.;Вычислительная геометрия;ISU_UCHEB;2011-11-08 15:55:54.000;ISU_UCHEB;2011-11-08 15:55:54.000
1987;Совр.техн.разр.ПО;Современные технологии разработки программного обеспечения;ISU_UCHEB;2011-11-08 15:55:54.000;ISU_UCHEB;2011-11-08 15:55:54.000
1988;Метод.разраб.ПО;Методология разработки программного обеспечения;ISU_UCHEB;2011-11-08 15:55:54.000;ISU_UCHEB;2011-11-08 15:55:54.000
1989;Вер.самооб.системы;Вероятностные самообучающиеся системы;ISU_UCHEB;2011-11-08 15:55:54.000;ISU_UCHEB;2011-11-08 15:55:54.000
1990;АлгоритмыИнтернета;Алгоритмы для интернета;ISU_UCHEB;2011-11-08 15:55:54.000;ISU_UCHEB;2011-11-08 15:55:54.000
1991;Проц.генер.виз.объек;Процедурная генерация и визуализация объектов;ISU_UCHEB;2011-11-08 15:55:54.000;ISU_UCHEB;2011-11-08 15:55:54.000
1993;WEB-диз. мет.разр.пр;WEB-дизайн и методы разработки приложений;ISU_UCHEB;2011-11-08 15:55:54.000;ISU_UCHEB;2011-11-08 15:55:54.000
1998;Гос.иностр.язык;Государственный экзамен по иностранному языку;ISU_UCHEB;2011-11-08 15:55:54.000;ISU_UCHEB;2011-11-08 15:55:54.000
2000;Комп.техн.наук.произ;Компьютерные технологии в науке и производстве;ISU_UCHEB;2011-11-08 15:55:54.000;ISU_UCHEB;2011-11-08 15:55:54.000
2001;Инф.сист.управ.образ;Информационные системы в управлении образованием;ISU_UCHEB;2011-11-08 15:55:54.000;ISU_UCHEB;2011-11-08 15:55:54.000
2005;Информационное право;Информационное право;ISU_UCHEB;2011-11-08 15:55:54.000;ISU_UCHEB;2011-11-08 15:55:54.000
2006;П-А компл. в обр.сис;Програмно-аппаратные комплексы в образовательных системах;ISU_UCHEB;2011-11-08 15:55:54.000;ISU_UCHEB;2011-11-08 15:55:54.000
2007;Управление проектами;Управление проектами;ISU_UCHEB;2011-11-08 15:55:54.000;ISU_UCHEB;2011-11-08 15:55:54.000
2015;Админ.корпорат.сетей;Администрирование корпоративных сетей;ISU_UCHEB;2011-11-08 15:55:54.000;ISU_UCHEB;2011-11-08 15:55:54.000
2027;Осн.эффект.коммуник.;Основы эффективности коммуникаций;ISU_UCHEB;2011-11-08 15:55:54.000;ISU_UCHEB;2011-11-08 15:55:54.000
2029;Информ.интерф.в ОС;Информационный интерфейс в образовательных средах;ISU_UCHEB;2011-11-08 15:55:54.000;ISU_UCHEB;2011-11-08 15:55:54.000
2031;Технолог.создания ОС;Технология создания образовательных систем;ISU_UCHEB;2011-11-08 15:55:54.000;ISU_UCHEB;2011-11-08 15:55:54.000
1297;Теор.фор.яз.грамм.;Теория формальных языков и грамматик;ISU_UCHEB;2011-11-08 15:55:54.000;ISU_UCHEB;2011-11-08 15:55:54.000
1298;Теор.проек.компил.;Теория проектирования компиляторов;ISU_UCHEB;2011-11-08 15:55:54.000;ISU_UCHEB;2011-11-08 15:55:54.000
1307;Микропроц.техника;Микропроцессорная техника;ISU_UCHEB;2011-11-08 15:55:54.000;ISU_UCHEB;2011-11-08 15:55:54.000
1718;Архит.ЭВМ и систем;Архитектура ЭВМ и систем;ISU_UCHEB;2011-11-08 15:55:54.000;ISU_UCHEB;2011-11-08 15:55:54.000
1719;Миров.инф.обр.ресур.;Мировые информационные образовательные ресурсы;ISU_UCHEB;2011-11-08 15:55:54.000;ISU_UCHEB;2011-11-08 15:55:54.000
1720;Псих.пед.осн.пр.инф.;Психолого-педагогические основы проектирования информационных систем в образовании;ISU_UCHEB;2011-11-08 15:55:54.000;ISU_UCHEB;2011-11-08 15:55:54.000
1743;Гос.экзам.;Государственный экзамен;ISU_UCHEB;2011-11-08 15:55:54.000;ISU_UCHEB;2011-11-08 15:55:54.000
1757;Ист.мет.инф и ВТ;История и методология информатики и вычислительной техники;ISU_UCHEB;2011-11-08 15:55:54.000;ISU_UCHEB;2011-11-08 15:55:54.000
1758;Эконом.и мен.иннов.;Экономика и менежмент инноваций;ISU_UCHEB;2011-11-08 15:55:54.000;ISU_UCHEB;2011-11-08 15:55:54.000
1766;Сов.проб.прик.мат.ин;Современные проблемы прикладной математики и информатики;ISU_UCHEB;2011-11-08 15:55:54.000;ISU_UCHEB;2011-11-08 15:55:54.000
1772;Менеджмент инноваций;Менеджмент инноваций;ISU_UCHEB;2011-11-08 15:55:54.000;ISU_UCHEB;2011-11-08 15:55:54.000
1773;Комп.информ.образ.си;Компьютерные информационные образовательные системы;ISU_UCHEB;2011-11-08 15:55:54.000;ISU_UCHEB;2011-11-08 15:55:54.000
1776;Сред.разр.прог.прод.;Средства разработки программных продуктов;ISU_UCHEB;2011-11-08 15:55:54.000;ISU_UCHEB;2011-11-08 15:55:54.000
1836;Тест.прогр.обеспеч.;Тестирование программного обеспечения;ISU_UCHEB;2011-11-08 15:55:54.000;ISU_UCHEB;2011-11-08 15:55:54.000
1837;Интеллектуал.системы;Интеллектуальные системы;ISU_UCHEB;2011-11-08 15:55:54.000;ISU_UCHEB;2011-11-08 15:55:54.000
1902;Теор.информ.систем.;Теория информационных систем;ISU_UCHEB;2011-11-08 15:55:54.000;ISU_UCHEB;2011-11-08 15:55:54.000
1919;Науч.-иссл. практика;Научно-исследовательская практика;ISU_UCHEB;2011-11-08 15:55:54.000;ISU_UCHEB;2011-11-08 15:55:54.000
1920;Научн.-педагог.практ;Научно-педагогическая практика;ISU_UCHEB;2011-11-08 15:55:54.000;ISU_UCHEB;2011-11-08 15:55:54.000
1922;Java-технологии;Java-технологии;ISU_UCHEB;2011-11-08 15:55:54.000;ISU_UCHEB;2011-11-08 15:55:54.000
1923;Параллел.программир.;Параллельное программирование;ISU_UCHEB;2011-11-08 15:55:54.000;ISU_UCHEB;2011-11-08 15:55:54.000
1924;Совр.задач.теор.инф.;Современные задачи теоретической информатики;ISU_UCHEB;2011-11-08 15:55:54.000;ISU_UCHEB;2011-11-08 15:55:54.000
1925;Теор.вычисл.и ВС;Теория вычислимости и вычислительной сложности;ISU_UCHEB;2011-11-08 15:55:54.000;ISU_UCHEB;2011-11-08 15:55:54.000
1927;Практч.конфликтолог.;Практическая конфликтология;ISU_UCHEB;2011-11-08 15:55:54.000;ISU_UCHEB;2011-11-08 15:55:54.000
1934;МиСпр.отраб.АЦВК;Методы и средства проектирования и отработки аналого-цифровых вычислительных комплексов;ISU_UCHEB;2011-11-08 15:55:54.000;ISU_UCHEB;2011-11-08 15:55:54.000
1939;Банки и базы данных;Банки и базы данных;ISU_UCHEB;2011-11-08 15:55:54.000;ISU_UCHEB;2011-11-08 15:55:54.000
1940;Осн.администрировКС;Основы администрирования компьютерных сетей;ISU_UCHEB;2011-11-08 15:55:54.000;ISU_UCHEB;2011-11-08 15:55:54.000
1941;Дистанц.техн.образов;Дистанционные технологии в образовании;ISU_UCHEB;2011-11-08 15:55:54.000;ISU_UCHEB;2011-11-08 15:55:54.000
1942;Проек.инф.сист.образ;Проектирование информационных систем в образовании;ISU_UCHEB;2011-11-08 15:55:54.000;ISU_UCHEB;2011-11-08 15:55:54.000
1944;Информ.образ.среды;Информационно-образовательные среды;ISU_UCHEB;2011-11-08 15:55:54.000;ISU_UCHEB;2011-11-08 15:55:54.000
1950;Искусствен.интеллект;Искусственный интеллект;ISU_UCHEB;2011-11-08 15:55:54.000;ISU_UCHEB;2011-11-08 15:55:54.000
1951;Фил.антроп.соц.филос;Философская антропология и социальная философия;ISU_UCHEB;2011-11-08 15:55:54.000;ISU_UCHEB;2011-11-08 15:55:54.000
1952;Вариацион.исчислен.;Вариационное исчисление;ISU_UCHEB;2011-11-08 15:55:54.000;ISU_UCHEB;2011-11-08 15:55:54.000
1953;Констр.теор.функц.;Конструктивная теория функций;ISU_UCHEB;2011-11-08 15:55:54.000;ISU_UCHEB;2011-11-08 15:55:54.000
1954;Им.спец.корп.культур;Имидж специалиста и корпоративная культура;ISU_UCHEB;2011-11-08 15:55:54.000;ISU_UCHEB;2011-11-08 15:55:54.000
1956;Рецензир.бакалав.ВКР;Рецензирование бакалаврской ВКР;ISU_UCHEB;2011-11-08 15:55:54.000;ISU_UCHEB;2011-11-08 15:55:54.000
1366;Явнореш.матем.мод.;Явнорешаемые математические модели;ISU_UCHEB;2011-11-08 15:55:54.000;ISU_UCHEB;2011-11-08 15:55:54.000
1368;Пред.зн.инфор.сист.;Представление знаний в информационных системах;ISU_UCHEB;2011-11-08 15:55:54.000;ISU_UCHEB;2011-11-08 15:55:54.000
1369;Инф.без.защит.инф.;Информационная безопасность и защита информации;ISU_UCHEB;2011-11-08 15:55:54.000;ISU_UCHEB;2011-11-08 15:55:54.000
1371;Мультим.технологии;Мультимедиа технологии;ISU_UCHEB;2011-11-08 15:55:54.000;ISU_UCHEB;2011-11-08 15:55:54.000
1373;Программир.-Web;Программирование - Web;ISU_UCHEB;2011-11-08 15:55:54.000;ISU_UCHEB;2011-11-08 15:55:54.000
1374;Теор.инфор.проц.сист;Теория информационных процессов и систем;ISU_UCHEB;2011-11-08 15:55:54.000;ISU_UCHEB;2011-11-08 15:55:54.000
1375;Интел.информ.сист.;Интеллектуальные информационные системы;ISU_UCHEB;2011-11-08 15:55:54.000;ISU_UCHEB;2011-11-08 15:55:54.000
1405;Тренинг общения;Тренинг общения;ISU_UCHEB;2011-11-08 15:55:54.000;ISU_UCHEB;2011-11-08 15:55:54.000
2442;Мет.отл.тест.ИВ;Методы отладки и тестирования интегральных вычислителей;ISU_UCHEB;2011-11-08 15:55:54.000;ISU_UCHEB;2011-11-08 15:55:54.000
2445;Надеж.тестир.ВВС;Надежность и тестирование ВВС;ISU_UCHEB;2011-11-08 15:55:54.000;ISU_UCHEB;2011-11-08 15:55:54.000
2446;Тех.схемотехн.пр.ВВС;Технологии схемотехнического проектирования ВВС;ISU_UCHEB;2011-11-08 15:55:54.000;ISU_UCHEB;2011-11-08 15:55:54.000
2458;Прогр.аппар.баз.ВВС;Программно-аппаратный базис ВВС;ISU_UCHEB;2011-11-08 15:55:54.000;ISU_UCHEB;2011-11-08 15:55:54.000
2462;Защита диплома;Защита диплома;ISU_UCHEB;2011-11-08 15:55:54.000;ISU_UCHEB;2011-11-08 15:55:54.000
2503;Тех.раз.ПО СИ#;Технология разработки программного обеспечения для многопользовательских систем (CИ# Программирование на языке высокого уровня.);ISU_UCHEB;2011-11-08 15:55:54.000;ISU_UCHEB;2011-11-08 15:55:54.000
2511;Подг.бакалавр.работ;Подготовка бакалаврской работы;ISU_UCHEB;2011-11-08 15:55:54.000;ISU_UCHEB;2011-11-08 15:55:54.000
2549;Пар.прогр. Функ.прог;Парадигмы программирования ( Функциональное программирование);ISU_UCHEB;2011-11-08 15:55:54.000;ISU_UCHEB;2011-11-08 15:55:54.000
2540;Ист.мет.наук.пр.ИС;История и методология науки и производства информационных систем;ISU_UCHEB;2011-11-08 15:55:54.000;ISU_UCHEB;2011-11-08 15:55:54.000
2209;Упр.проект.разр.ПО;Управление проектами и разработкой ПО;ISU_UCHEB;2011-11-08 15:55:54.000;ISU_UCHEB;2011-11-08 15:55:54.000
2219;Парадигмы прогр.;Парадигмы программирования;ISU_UCHEB;2011-11-08 15:55:54.000;ISU_UCHEB;2011-11-08 15:55:54.000
2224;Высокопр.вычисления;Высокопроизводительные вычисления;ISU_UCHEB;2011-11-08 15:55:54.000;ISU_UCHEB;2011-11-08 15:55:54.000
1443;Осн.логич.кул.ритор.;Основы логической культуры и риторика;ISU_UCHEB;2011-11-08 15:55:54.000;ISU_UCHEB;2011-11-08 15:55:54.000
1472;Комп.тех.в наук.обр;Компьютерные технологии в науке и образовании;ISU_UCHEB;2011-11-08 15:55:54.000;ISU_UCHEB;2011-11-08 15:55:54.000
1473;Истор.философ.науки;История философии и науки;ISU_UCHEB;2011-11-08 15:55:54.000;ISU_UCHEB;2011-11-08 15:55:54.000
1475;Основы этикета;Основы этикета;ISU_UCHEB;2011-11-08 15:55:54.000;ISU_UCHEB;2011-11-08 15:55:54.000
1476;Сист.прикл.пр.обесп.;Системное и прикладное программное обеспечение;ISU_UCHEB;2011-11-08 15:55:54.000;ISU_UCHEB;2011-11-08 15:55:54.000
1484;Прак.конфл.сист.упра;Практическая конфликтология в системе управления;ISU_UCHEB;2011-11-08 15:55:54.000;ISU_UCHEB;2011-11-08 15:55:54.000
1485;Им.кар.прес.мол.спец;Имидж и карьерные перспективы молодого специалиста;ISU_UCHEB;2011-11-08 15:55:54.000;ISU_UCHEB;2011-11-08 15:55:54.000
1524;Конст.техн.об.пр.ЭВМ;Конструкторско-технологическое обеспечение производства ЭВМ;ISU_UCHEB;2011-11-08 15:55:54.000;ISU_UCHEB;2011-11-08 15:55:54.000
1525;Прогр.обесп.встр.сис;Программное обеспечение встроенных систем;ISU_UCHEB;2011-11-08 15:55:54.000;ISU_UCHEB;2011-11-08 15:55:54.000
1526;Яз.функц.опис.аппар.;Языки функционального описания аппаратуры;ISU_UCHEB;2011-11-08 15:55:54.000;ISU_UCHEB;2011-11-08 15:55:54.000
1527;Проек.сист.прогр.об.;Проектирование системного программного обеспечения;ISU_UCHEB;2011-11-08 15:55:54.000;ISU_UCHEB;2011-11-08 15:55:54.000
1528;Мет.проек.ПЛИС;Методы проектирования на ПЛИС;ISU_UCHEB;2011-11-08 15:55:54.000;ISU_UCHEB;2011-11-08 15:55:54.000
1529;Адм.корп.выч.сетей;Администрирование корпоративных вычислительных сетей;ISU_UCHEB;2011-11-08 15:55:54.000;ISU_UCHEB;2011-11-08 15:55:54.000
1530;Обр.д.корп.выч.сис.с;Обработка данных в корпоративных вычислительных системах и сетях;ISU_UCHEB;2011-11-08 15:55:54.000;ISU_UCHEB;2011-11-08 15:55:54.000
1531;Безопасн.выч.систем;Безопасность вычислительных систем;ISU_UCHEB;2011-11-08 15:55:54.000;ISU_UCHEB;2011-11-08 15:55:54.000
1532;Компьютерный бизнес;Компьютерный бизнес;ISU_UCHEB;2011-11-08 15:55:54.000;ISU_UCHEB;2011-11-08 15:55:54.000
1363;Теор.игр иссл.операц;Теория игр и исследование операций;ISU_UCHEB;2011-11-08 15:55:54.000;ISU_UCHEB;2011-11-08 15:55:54.000
2230;Реценз-е ВКР;Рецензирование ВКР;ISU_UCHEB;2011-11-08 15:55:54.000;ISU_UCHEB;2011-11-08 15:55:54.000
2233;УИРС-1;Учебно-исследовательская работа студента - 1;ISU_UCHEB;2011-11-08 15:55:54.000;ISU_UCHEB;2011-11-08 15:55:54.000
2244;Техн.проектиров.ПО;Технологии проектирования программного обеспечения;ISU_UCHEB;2011-11-08 15:55:54.000;ISU_UCHEB;2011-11-08 15:55:54.000
2438;Страноведение;Страноведение;ISU_UCHEB;2011-11-08 15:55:54.000;ISU_UCHEB;2011-11-08 15:55:54.000
2439;Алгоритмы алг.т.чис.;Алгоритмы алгебры и теории чисел;ISU_UCHEB;2011-11-08 15:55:54.000;ISU_UCHEB;2011-11-08 15:55:54.000
2453;Операц.сист.LINUX;Операционные системы LINUX;ISU_UCHEB;2011-11-08 15:55:54.000;ISU_UCHEB;2011-11-08 15:55:54.000
2525;Совр. проблемы  ИС;Современные проблемы информационных  систем;ISU_UCHEB;2011-11-08 15:55:54.000;ISU_UCHEB;2011-11-08 15:55:54.000
2527;Упр.данными в ИС;Управление данными в ИС;ISU_UCHEB;2011-11-08 15:55:54.000;ISU_UCHEB;2011-11-08 15:55:54.000
2530;Инф-обр.среды ИС;Информационно-образовательные среды информационных систем;ISU_UCHEB;2011-11-08 15:55:54.000;ISU_UCHEB;2011-11-08 15:55:54.000
2531;Логика;Логика;ISU_UCHEB;2011-11-08 15:55:54.000;ISU_UCHEB;2011-11-08 15:55:54.000
2068;Тех.пр.прог.обесп.СМ;Технология проектирования  программного обеспечения систем моделирования;ISU_UCHEB;2011-11-08 15:55:54.000;ISU_UCHEB;2011-11-08 15:55:54.000
2069;Комп.модел.приборост;Компьютерное моделирование в приборостроении;ISU_UCHEB;2011-11-08 15:55:54.000;ISU_UCHEB;2011-11-08 15:55:54.000
2070;Комп.модел.дискр.сис;Компьютерное моделирование дискретных систем;ISU_UCHEB;2011-11-08 15:55:54.000;ISU_UCHEB;2011-11-08 15:55:54.000
2291;Ист.метод.инф.и ВТ;История и методология информатики и вычислительной техники;ISU_UCHEB;2011-11-08 15:55:54.000;ISU_UCHEB;2011-11-08 15:55:54.000
2292;Ист.мет.инф.выч.тех.;История и методология информатики и вычислительной техники;ISU_UCHEB;2011-11-08 15:55:54.000;ISU_UCHEB;2011-11-08 15:55:54.000
2293;Орг.проект.ВВС;Организация и проектирование ВВС;ISU_UCHEB;2011-11-08 15:55:54.000;ISU_UCHEB;2011-11-08 15:55:54.000
2294;Орг.выч.проц.МиМ;Организация вычислительного процесса: модели и методы;ISU_UCHEB;2011-11-08 15:55:54.000;ISU_UCHEB;2011-11-08 15:55:54.000
2297;Прогр.обесп.ВВС;Программное обеспечение ВВС;ISU_UCHEB;2011-11-08 15:55:54.000;ISU_UCHEB;2011-11-08 15:55:54.000
2470;Защ. ВКР;Защита ВКР;ISU_UCHEB;2011-11-08 15:55:54.000;ISU_UCHEB;2011-11-08 15:55:54.000
2537;КТ наук.произ. ИС;Компьютерные технологии в науке и производстве информационных систем;ISU_UCHEB;2011-11-08 15:55:54.000;ISU_UCHEB;2011-11-08 15:55:54.000
2245;Сети ЭВМ и телеком.;Сети ЭВМ и телекоммуникации;ISU_UCHEB;2011-11-08 15:55:54.000;ISU_UCHEB;2011-11-08 15:55:54.000
2351;Подгот.маг.диссерт.;Подготовка магистерской диссертации;ISU_UCHEB;2011-11-08 15:55:54.000;ISU_UCHEB;2011-11-08 15:55:54.000
2352;Защ.магист.диссерт.;Защита магистерской диссертации;ISU_UCHEB;2011-11-08 15:55:54.000;ISU_UCHEB;2011-11-08 15:55:54.000
2489;Инф.безоп.защ.данных;Информационная безопасность и защита данных;ISU_UCHEB;2011-11-08 15:55:54.000;ISU_UCHEB;2011-11-08 15:55:54.000
2490;Техн.произв.ПО;Технология производства ПО;ISU_UCHEB;2011-11-08 15:55:54.000;ISU_UCHEB;2011-11-08 15:55:54.000
2327;Теор.выч.сложности;Теория вычислительной сложности;ISU_UCHEB;2011-11-08 15:55:54.000;ISU_UCHEB;2011-11-08 15:55:54.000
2325;Алг.структ.данных;Алгоритмы и структуры данных;ISU_UCHEB;2011-11-08 15:55:54.000;ISU_UCHEB;2011-11-08 15:55:54.000
2326;Техн.раз ПО много.си;Технология разработки ПО для современных многопользовательских систем;ISU_UCHEB;2011-11-08 15:55:54.000;ISU_UCHEB;2011-11-08 15:55:54.000
2269;Вериф.моделей;Верификация моделей;ISU_UCHEB;2011-11-08 15:55:54.000;ISU_UCHEB;2011-11-08 15:55:54.000
2271;Распред.инф.системы;Распределенные информационные системы;ISU_UCHEB;2011-11-08 15:55:54.000;ISU_UCHEB;2011-11-08 15:55:54.000
2272;Яз.модел-я;Языки моделирования;ISU_UCHEB;2011-11-08 15:55:54.000;ISU_UCHEB;2011-11-08 15:55:54.000
2348;Эконом.иннов.деят.;Экономика инновационной деятельности;ISU_UCHEB;2011-11-08 15:55:54.000;ISU_UCHEB;2011-11-08 15:55:54.000
2407;Инж.ПО:технол.подход;Инженерия ПО(Технологические подходы к разработке ПО);ISU_UCHEB;2011-11-08 15:55:54.000;ISU_UCHEB;2011-11-08 15:55:54.000
2408;Упр.проект.гибк.моде;Управление проектами (Гибкие модели);ISU_UCHEB;2011-11-08 15:55:54.000;ISU_UCHEB;2011-11-08 15:55:54.000
2121;Мет.разр.ком.мод.вып;Методология разработки компетентностных моделей выпускников;ISU_UCHEB;2011-11-08 15:55:54.000;ISU_UCHEB;2011-11-08 15:55:54.000
2295;МиС проек.сист.на кр;Методы и технологии проектирования систем на кристалле;ISU_UCHEB;2011-11-08 15:55:54.000;ISU_UCHEB;2011-11-08 15:55:54.000
2296;Сист.интегр.вычислит;Системотехника интегральных вычислителей;ISU_UCHEB;2011-11-08 15:55:54.000;ISU_UCHEB;2011-11-08 15:55:54.000
2320;КТв прикл.матем.;Компьютерные технологии в прикладной математике (сетевые архитектуры);ISU_UCHEB;2011-11-08 15:55:54.000;ISU_UCHEB;2011-11-08 15:55:54.000
2485;Клиент-сер.прил.ОС;Клиент-серверные приложения образовательных систем;ISU_UCHEB;2011-11-08 15:55:54.000;ISU_UCHEB;2011-11-08 15:55:54.000
2512;Математика (мат.лог);Математика(математическая логика);ISU_UCHEB;2011-11-08 15:55:54.000;ISU_UCHEB;2011-11-08 15:55:54.000
2513;Математика (дискрет);Математика (дискретная математика);ISU_UCHEB;2011-11-08 15:55:54.000;ISU_UCHEB;2011-11-08 15:55:54.000
2514;Математика (т.алгор);Математика (Теория алгоритмов);ISU_UCHEB;2011-11-08 15:55:54.000;ISU_UCHEB;2011-11-08 15:55:54.000
2171;Осн.псих.прим.ИТ обр;Основы психологии применения ИТ в образовании;ISU_UCHEB;2011-11-08 15:55:54.000;ISU_UCHEB;2011-11-08 15:55:54.000
2172;Технол.произв. ПО;Технологии производства программного обеспечения;ISU_UCHEB;2011-11-08 15:55:54.000;ISU_UCHEB;2011-11-08 15:55:54.000
2321;Модел.метод.ПО;Моделирование и методология разработки ПО;ISU_UCHEB;2011-11-08 15:55:54.000;ISU_UCHEB;2011-11-08 15:55:54.000
2323;ИнженерияПО(Упр.кач);Инженерия ПО (Управление качеством разработки ПО);ISU_UCHEB;2011-11-08 15:55:54.000;ISU_UCHEB;2011-11-08 15:55:54.000
2432;ПрактикумЭВМ;Практикум на ЭВМ;ISU_UCHEB;2011-11-08 15:55:54.000;ISU_UCHEB;2011-11-08 15:55:54.000
2077;Комп.техн.наук.пр.ВТ;Компьютерные технологии в науке и производстве вычислительной техники;ISU_UCHEB;2011-11-08 15:55:54.000;ISU_UCHEB;2011-11-08 15:55:54.000
2091;Анализ и модел.UML;Анализ и моделирование на UML;ISU_UCHEB;2011-11-08 15:55:54.000;ISU_UCHEB;2011-11-08 15:55:54.000
2092;Упр.кач.разр.ПО;Управление качеством разработки ПО;ISU_UCHEB;2011-11-08 15:55:54.000;ISU_UCHEB;2011-11-08 15:55:54.000
2097;Упр.пр.разр.ПО;Управление проектами в области разработки ПО;ISU_UCHEB;2011-11-08 15:55:54.000;ISU_UCHEB;2011-11-08 15:55:54.000
2098;Об-ориент. прог.СИ++;Объектно-ориентированное программирование на СИ++;ISU_UCHEB;2011-11-08 15:55:54.000;ISU_UCHEB;2011-11-08 15:55:54.000
2099;Технологии dot NET;Технологии dot NET;ISU_UCHEB;2011-11-08 15:55:54.000;ISU_UCHEB;2011-11-08 15:55:54.000
2100;Инж.ПО управ. проект;Инженерия ПО и управление проектами;ISU_UCHEB;2011-11-08 15:55:54.000;ISU_UCHEB;2011-11-08 15:55:54.000
2464;WEB-программир.;WEB-программирование;ISU_UCHEB;2011-11-08 15:55:54.000;ISU_UCHEB;2011-11-08 15:55:54.000
2666;Комп.образов.сис-мы;Компьютерные образовательные системы;ISU_UCHEB;2011-11-08 15:55:54.000;ISU_UCHEB;2011-11-08 15:55:54.000
2667;Теор.осн.пост.ЦСОИУ;Теоретические основы построения  цифровых систем обработки информации и управления;ISU_UCHEB;2011-11-08 15:55:54.000;ISU_UCHEB;2011-11-08 15:55:54.000
2668;Проектир.корпор.ИС;Проектирование корпоративных информационных систем;ISU_UCHEB;2011-11-08 15:55:54.000;ISU_UCHEB;2011-11-08 15:55:54.000
2669;Метод.сред.3D-модел.;Методы и средства 3D-моделирования;ISU_UCHEB;2011-11-08 15:55:54.000;ISU_UCHEB;2011-11-08 15:55:54.000
2681;Web-д.раз.мулт.пр.ИС;Web-дизайн и разработка мультимедиа приложений ИС;ISU_UCHEB;2011-11-08 15:55:54.000;ISU_UCHEB;2011-11-08 15:55:54.000
2682;Доп.гл.комп.технол.;Доп.главы к компьютерным технологиям;ISU_UCHEB;2011-11-08 15:55:54.000;ISU_UCHEB;2011-11-08 15:55:54.000
2683;Разраб.интерф.ИС;Разработка интерфейсов ИС;ISU_UCHEB;2011-11-08 15:55:54.000;ISU_UCHEB;2011-11-08 15:55:54.000
2684;Управл.разраб.ИС;Управление разработкой ИС;ISU_UCHEB;2011-11-08 15:55:54.000;ISU_UCHEB;2011-11-08 15:55:54.000
2699;Осн.эффект.коммун.;Основы эффективных коммуникаций;ISU_UCHEB;2011-11-08 15:55:54.000;ISU_UCHEB;2011-11-08 15:55:54.000
2731;Администр.комп.сетей;Администрирование компьютерных сетей;ISU_UCHEB;2011-11-08 15:55:54.000;ISU_UCHEB;2011-11-08 15:55:54.000
2732;Метод.научн.исследов;Методы научных исследований;ISU_UCHEB;2011-11-08 15:55:54.000;ISU_UCHEB;2011-11-08 15:55:54.000
2781;Техника произв-ва ПО;Техника производства ПО;ISU_UCHEB;2011-11-08 15:55:54.000;ISU_UCHEB;2011-11-08 15:55:54.000
3183;Криптография;Криптография;ISU_UCHEB;2011-11-08 15:55:54.000;ISU_UCHEB;2011-11-08 15:55:54.000
2971;Мат.мод.теор.прин.ре;Математическое моделирование и теория принятия решений;ISU_UCHEB;2011-11-08 15:55:54.000;ISU_UCHEB;2011-11-08 15:55:54.000
2972;Сист.ан.модел.инф.БП;Системный анализ и моделирование информационных процессов и систем;ISU_UCHEB;2011-11-08 15:55:54.000;ISU_UCHEB;2011-11-08 15:55:54.000
3203;Эфф. м.дел.коммуник.;Эффективная межкультурная и деловая коммуникация;ISU_UCHEB;2011-11-08 15:55:54.000;ISU_UCHEB;2011-11-08 15:55:54.000
3208;АПБорАнаБЯВУ;Автоматизация проектирования бортовой аппаратуры на базе языка высокого уровня;ISU_UCHEB;2011-11-08 15:55:54.000;ISU_UCHEB;2011-11-08 15:55:54.000
3216;Техн.мультимедиа;Технологии мультимедиа;ISU_UCHEB;2011-11-08 15:55:54.000;ISU_UCHEB;2011-11-08 15:55:54.000
2700;Защита ВКР;Защита ВКР;ISU_UCHEB;2011-11-08 15:55:54.000;ISU_UCHEB;2011-11-08 15:55:54.000
2790;Соцкульт.конф.евр.ц.;Социокультурные конфликты в европейской цивилизации;ISU_UCHEB;2011-11-08 15:55:54.000;ISU_UCHEB;2011-11-08 15:55:54.000
2696;ИС упр-и уч.процес.;Информационные системы в управлении учебным процессом;ISU_UCHEB;2011-11-08 15:55:54.000;ISU_UCHEB;2011-11-08 15:55:54.000
2851;Компьют. математика;Компьютерная математика;ISU_UCHEB;2011-11-08 15:55:54.000;ISU_UCHEB;2011-11-08 15:55:54.000
2852;Осн.программирования;Основы программирования;ISU_UCHEB;2011-11-08 15:55:54.000;ISU_UCHEB;2011-11-08 15:55:54.000
2934;МатМодМетКомпМодел;Математические модели и методология компьютерного моделирования;ISU_UCHEB;2011-11-08 15:55:54.000;ISU_UCHEB;2011-11-08 15:55:54.000
2935;Инф.обеспеч.сист.мод;Информационное обеспечение систем моделирования;ISU_UCHEB;2011-11-08 15:55:54.000;ISU_UCHEB;2011-11-08 15:55:54.000
2936;ТехПрогр.обесп.КМ;Технология программного обеспечения компьютерного моделирования;ISU_UCHEB;2011-11-08 15:55:54.000;ISU_UCHEB;2011-11-08 15:55:54.000
2940;Методология ПИ;Методология программной инженерии;ISU_UCHEB;2011-11-08 15:55:54.000;ISU_UCHEB;2011-11-08 15:55:54.000
2943;Информац-вычисл.сист;Информационно-вычислительные системы;ISU_UCHEB;2011-11-08 15:55:54.000;ISU_UCHEB;2011-11-08 15:55:54.000
2945;Параллельные вычисл.;Параллельные вычисления;ISU_UCHEB;2011-11-08 15:55:54.000;ISU_UCHEB;2011-11-08 15:55:54.000
2947;Защ.прил.от модифик.;Защита приложений от модификации;ISU_UCHEB;2011-11-08 15:55:54.000;ISU_UCHEB;2011-11-08 15:55:54.000
2978;Мет.иссл.постр.ИСобр;Методы исследования и построения информационных систем в образовании;ISU_UCHEB;2011-11-08 15:55:54.000;ISU_UCHEB;2011-11-08 15:55:54.000
2979;Проект.комп-ориен.ОП;Проектирование компетентностно-ориентированных образовательных программ;ISU_UCHEB;2011-11-08 15:55:54.000;ISU_UCHEB;2011-11-08 15:55:54.000
2980;Комп.образ.сред.с-мы;Компьютерные образовательные среды и системы;ISU_UCHEB;2011-11-08 15:55:54.000;ISU_UCHEB;2011-11-08 15:55:54.000
2981;Технол.разр.вирт.лаб;Технологии разработки виртуальных лабораторий;ISU_UCHEB;2011-11-08 15:55:54.000;ISU_UCHEB;2011-11-08 15:55:54.000
3098;Распр.сист.моделиров;Распределенные системы моделирования;ISU_UCHEB;2011-11-08 15:55:54.000;ISU_UCHEB;2011-11-08 15:55:54.000
3129;Соврем.теор.информац;Современная теория информации;ISU_UCHEB;2011-11-08 15:55:54.000;ISU_UCHEB;2011-11-08 15:55:54.000
3130;Матмодел.компл.прогр;Математические модели комплексов программ;ISU_UCHEB;2011-11-08 15:55:54.000;ISU_UCHEB;2011-11-08 15:55:54.000
3131;Защищ.програм.обесп.;Защищенное программное обеспечение;ISU_UCHEB;2011-11-08 15:55:54.000;ISU_UCHEB;2011-11-08 15:55:54.000
3132;Тен.инстр.пост.яз.пр;Технологии и инструменты построения языковых процессоров;ISU_UCHEB;2011-11-08 15:55:54.000;ISU_UCHEB;2011-11-08 15:55:54.000
3133;Генетич.программиров;Генетическое программирование;ISU_UCHEB;2011-11-08 15:55:54.000;ISU_UCHEB;2011-11-08 15:55:54.000
2915;Логика и мет.науки;Логика и методология науки;ISU_UCHEB;2011-11-08 15:55:54.000;ISU_UCHEB;2011-11-08 15:55:54.000
2922;ОУ бизнес-процессами;Организация и управление бизнес-процессами;ISU_UCHEB;2011-11-08 15:55:54.000;ISU_UCHEB;2011-11-08 15:55:54.000
2923;Структ.данных и алг.;Структура данных и алгоритмы;ISU_UCHEB;2011-11-08 15:55:54.000;ISU_UCHEB;2011-11-08 15:55:54.000
2984;Прогр.-аппар.комплек;Программно-аппаратные комплексы;ISU_UCHEB;2011-11-08 15:55:54.000;ISU_UCHEB;2011-11-08 15:55:54.000
2985;Технол.разраб.КИС;Технологии разработки корпоративных информационных систем;ISU_UCHEB;2011-11-08 15:55:54.000;ISU_UCHEB;2011-11-08 15:55:54.000
2986;Техн.распоз.обр.визу;Технологии распознавания образов и визуализации;ISU_UCHEB;2011-11-08 15:55:54.000;ISU_UCHEB;2011-11-08 15:55:54.000
3212;Пр.созн.эфф.кон.ф.в.;Проблемы сознания и эффективность в конфликтном и функциональном взаимодействии;ISU_UCHEB;2011-11-08 15:55:54.000;ISU_UCHEB;2011-11-08 15:55:54.000
2860;Методол.науч.исслед.;Методология научных исследований;ISU_UCHEB;2011-11-08 15:55:54.000;ISU_UCHEB;2011-11-08 15:55:54.000
2861;Теор.проектир.систем;Теория проектирования систем;ISU_UCHEB;2011-11-08 15:55:54.000;ISU_UCHEB;2011-11-08 15:55:54.000
2867;Сетевые протоколы;Сетевые протоколы;ISU_UCHEB;2011-11-08 15:55:54.000;ISU_UCHEB;2011-11-08 15:55:54.000
2869;Распределенные  ИУС;Распределенные информационно-управляющие системы;ISU_UCHEB;2011-11-08 15:55:54.000;ISU_UCHEB;2011-11-08 15:55:54.000
2872;Тех.сред. пр.выч.ап.;Технологии и средства проектирования вычислительной аппаратуры;ISU_UCHEB;2011-11-08 15:55:54.000;ISU_UCHEB;2011-11-08 15:55:54.000
2892;Искус.интел. в АСОИУ;Искусственный интеллект в автоматизированных системах обработки информации и управления;ISU_UCHEB;2011-11-08 15:55:54.000;ISU_UCHEB;2011-11-08 15:55:54.000
2965;Введ.програм. и ЭВМ;Введение в программирование и ЭВМ;ISU_UCHEB;2011-11-08 15:55:54.000;ISU_UCHEB;2011-11-08 15:55:54.000
2966;Архитектура ЭВМ;Архитектура ЭВМ;ISU_UCHEB;2011-11-08 15:55:54.000;ISU_UCHEB;2011-11-08 15:55:54.000
